{"cameraMode":{"drawMode":0,"name":"Shaded","section":"Shading Mode"},"sceneLighting":true,"audioPlay":false,"sceneViewState":{"m_AlwaysRefresh":true,"showFog":true,"showSkybox":true,"showFlares":true,"showImageEffects":true,"showParticleSystems":true,"showVisualEffectGraphs":true,"m_FxEnabled":true},"in2DMode":false,"pivot":{"x":114.46715545654297,"y":145.8272705078125,"z":-1.855729103088379},"rotation":{"x":0.011375276371836663,"y":0.7135778665542603,"z":-0.011547979898750782,"w":0.7004238367080689},"size":77.14173126220703,"orthographic":false}